threshold,accuracy,precision,recall,f1_score,true_negative,false_positive,false_negative,true_positive,flagged_customers,flagged_percentage,roc_auc
0.3,0.7494677075940384,0.5193370165745856,0.7540106951871658,0.6150490730643402,774,261,92,282,543,38.53797019162526,0.8418610659019866
0.35,0.7650816181689141,0.5443298969072164,0.7058823529411765,0.6146682188591386,814,221,110,264,485,34.421575585521644,0.8418610659019866
0.4,0.7778566359119943,0.5694760820045558,0.6684491978609626,0.6150061500615006,846,189,124,250,439,31.156848828956708,0.8418610659019866
0.45,0.7892122072391767,0.6005221932114883,0.6149732620320856,0.607661822985469,882,153,144,230,383,27.18239886444287,0.8418610659019866
0.5,0.8055358410220014,0.6572327044025157,0.5588235294117647,0.6040462427745664,926,109,165,209,318,22.56919801277502,0.8418610659019866
0.55,0.7991483321504613,0.6784313725490196,0.4625668449197861,0.5500794912559619,953,82,201,173,255,18.097941802696948,0.8418610659019866
0.6,0.7991483321504613,0.7177033492822966,0.40106951871657753,0.5145797598627787,976,59,224,150,209,14.83321504613201,0.8418610659019866
0.65,0.7885024840312278,0.7467532467532467,0.3074866310160428,0.4356060606060606,996,39,259,115,154,10.929737402413059,0.8418610659019866
0.7,0.765791341376863,0.7391304347826086,0.18181818181818182,0.2918454935622318,1011,24,306,68,92,6.529453513129879,0.8418610659019866
