threshold,flagged_customers,flagged_percentage,churners_captured,churners_missed,unnecessary_contacts,capture_rate,miss_rate,contact_efficiency,precision,recall,f1_score
0.3,543,38.53797019162526,282,92,261,75.40106951871658,24.598930481283425,51.93370165745856,0.5193370165745856,0.7540106951871658,0.6150490730643402
0.35,485,34.421575585521644,264,110,221,70.58823529411765,29.411764705882355,54.43298969072165,0.5443298969072164,0.7058823529411765,0.6146682188591386
0.4,439,31.156848828956708,250,124,189,66.84491978609626,33.155080213903744,56.947608200455576,0.5694760820045558,0.6684491978609626,0.6150061500615006
0.45,383,27.18239886444287,230,144,153,61.49732620320856,38.50267379679144,60.052219321148826,0.6005221932114883,0.6149732620320856,0.607661822985469
0.5,318,22.56919801277502,209,165,109,55.88235294117647,44.11764705882353,65.72327044025157,0.6572327044025157,0.5588235294117647,0.6040462427745664
0.55,255,18.097941802696948,173,201,82,46.25668449197861,53.7433155080214,67.84313725490196,0.6784313725490196,0.4625668449197861,0.5500794912559619
0.6,209,14.83321504613201,150,224,59,40.106951871657756,59.893048128342244,71.77033492822966,0.7177033492822966,0.4010695187165775,0.5145797598627787
0.65,154,10.92973740241306,115,259,39,30.74866310160428,69.25133689839572,74.67532467532467,0.7467532467532467,0.3074866310160428,0.4356060606060606
0.7,92,6.529453513129879,68,306,24,18.181818181818183,81.81818181818183,73.91304347826086,0.7391304347826086,0.1818181818181818,0.2918454935622318
