feature,coefficient,absolute_coefficient
numeric__tenure,-0.8004173951747567,0.8004173951747567
categorical__Contract_Two year,-0.7676279401283972,0.7676279401283972
categorical__InternetService_DSL,-0.668668056474316,0.668668056474316
categorical__InternetService_Fiber optic,0.6612663426014981,0.6612663426014981
categorical__Contract_Month-to-month,0.5780790966746955,0.5780790966746955
numeric__MonthlyCharges,-0.5021487840527994,0.5021487840527994
categorical__PaperlessBilling_No,-0.3399642384697654,0.3399642384697654
categorical__DeviceProtection_Not Applicable,-0.3034994286930885,0.3034994286930885
categorical__InternetService_No,-0.3034994286930885,0.3034994286930885
categorical__OnlineSecurity_Not Applicable,-0.3034994286930885,0.3034994286930885
categorical__TechSupport_Not Applicable,-0.3034994286930885,0.3034994286930885
categorical__StreamingTV_Not Applicable,-0.3034994286930885,0.3034994286930885
categorical__OnlineBackup_Not Applicable,-0.3034994286930885,0.3034994286930885
categorical__StreamingMovies_Not Applicable,-0.3034994286930885,0.3034994286930885
categorical__MultipleLines_No,-0.2829816064259342,0.2829816064259342
categorical__Dependents_Yes,-0.2724425789680456,0.2724425789680456
categorical__StreamingMovies_No,-0.22712988465470715,0.22712988465470715
categorical__StreamingTV_No,-0.22709788442433435,0.22709788442433435
categorical__PaymentMethod_Credit card (automatic),-0.22628347539358953,0.22628347539358953
categorical__StreamingMovies_Yes,0.2197281707819031,0.2197281707819031
categorical__StreamingTV_Yes,0.21969617055152535,0.21969617055152535
categorical__PaymentMethod_Bank transfer (automatic),-0.19333094928135844,0.19333094928135844
categorical__PaymentMethod_Electronic check,0.1919238970450448,0.1919238970450448
categorical__gender_Female,-0.16751018897532524,0.16751018897532524
categorical__Partner_No,-0.16612723505817253,0.16612723505817253
categorical__OnlineSecurity_Yes,-0.1585118458647209,0.1585118458647209
categorical__PhoneService_Yes,-0.15712778214224724,0.15712778214224724
categorical__PhoneService_No,-0.1537733604236564,0.1537733604236564
categorical__MultipleLines_No phone service,-0.1537733604236564,0.1537733604236564
categorical__OnlineSecurity_No,0.15111013199190668,0.15111013199190668
categorical__Partner_Yes,-0.1447739075077289,0.1447739075077289
categorical__gender_Male,-0.1433909535905559,0.1433909535905559
categorical__TechSupport_Yes,-0.13185148490991164,0.13185148490991164
categorical__MultipleLines_Yes,0.12585382428369363,0.12585382428369363
categorical__TechSupport_No,0.12444977103711667,0.12444977103711667
categorical__Contract_One year,-0.12135229911223258,0.12135229911223258
categorical__PaymentMethod_Mailed check,-0.08321061493599173,0.08321061493599173
numeric__SeniorCitizen,0.05353981129287339,0.05353981129287339
categorical__DeviceProtection_No,-0.04489348094929768,0.04489348094929768
categorical__Dependents_No,-0.0384585635978646,0.0384585635978646
categorical__DeviceProtection_Yes,0.037491767076489074,0.037491767076489074
categorical__PaperlessBilling_Yes,0.029063095903840205,0.029063095903840205
categorical__OnlineBackup_Yes,-0.027894560185308483,0.027894560185308483
categorical__OnlineBackup_No,0.020492846312499535,0.020492846312499535
